tag,iters,data_size,seed,cwc,r2r_auc,r2r_acc,s2h_auc,s2h_acc,s2r_auc,s2r_acc,r2s_auc,r2s_acc,rvs_auc,rvs_acc,real_mem_auc,real_mem_auc_bal,synth_mem_auc,synth_mem_auc_bal,elapsed_time
rl_trial16_seed0,30000,0.9,0,1016.95345320164,0.8734515411356998,0.8136716856729374,0.8535170583384868,0.7413760152890588,0.8114598636604218,0.7401816597976897,0.8084490051888797,0.7478,0.9890069668725652,0.9521709629116666,1.0,0.8728070175438597,0.5269058151381885,0.5170100415512466,13.836065685749054
rl_trial16_seed1,30000,0.9,1,974.4931307501378,0.8714615022660344,0.8038536220980095,0.8595395758735143,0.8088465845464725,0.8431097564657897,0.7777765153218466,0.8310845158962401,0.7555999999999999,0.9949157082120492,0.9693628679295714,1.0,0.9002123142250531,0.4960148003797218,0.4892017255601985,13.128167327245077
rl_trial16_seed2,30000,0.9,2,1016.1922825581336,0.8765925089588122,0.8050751528958248,0.759778187511724,0.6787458006718925,0.7993790403259051,0.73267458419114,0.8024362692674558,0.7386,0.9953695409451502,0.9671585859598288,1.0,0.9069767441860463,0.5471007745001748,0.5303291035136259,13.575024819374084
rl_trial16_seed3,30000,0.9,3,1075.8283003814677,0.8654651173253688,0.8072943242211711,0.8395013147880332,0.7448275862068965,0.8493329024873407,0.7817456686216643,0.8279844007980188,0.7572,0.996760521906552,0.9747626206942636,1.0,0.8919540229885059,0.5041916754933113,0.5236834456335051,14.336965560913086
rl_trial16_seed4,30000,0.9,4,982.8269795092482,0.8627252124199274,0.7981288807517424,0.8248023662988115,0.726123301985371,0.8370380582736544,0.7670919496826399,0.7434014747393434,0.7007999999999999,0.9954821951754084,0.9722286106529866,1.0,0.9041095890410958,0.5167590157305324,0.5211864848522758,14.372791298230489
rl_trial16_seed5,30000,0.9,5,940.172989596494,0.8664849072599177,0.8040733142331888,0.8717072096019465,0.7665551839464882,0.8583113205787052,0.7952723469369753,0.8608418172867902,0.7886,0.9911681858974511,0.9534935199443568,1.0,0.9082969432314412,0.5637783149607479,0.5703171182853111,14.273298048973084
rl_trial16_seed6,30000,0.9,6,1076.6537404881578,0.8648276468656799,0.7991112337655778,0.7896552199012867,0.7843526039178214,0.8393849734404553,0.7651576117303809,0.801626263349165,0.7362,0.996226688133724,0.9702448965955032,1.0,0.8845315904139434,0.4846156270802148,0.5055629126499305,14.599441425005596
rl_trial16_seed7,30000,0.9,7,936.988417598357,0.8756561111940215,0.8059880649986251,0.803127687438612,0.7737973137973138,0.8419635311084012,0.7697167443022022,0.8294918943898418,0.7434000000000001,0.9972001573267208,0.9753138278646948,1.0,0.902439024390244,0.5963486807475203,0.6021995958721933,14.334006055196124
rl_trial16_seed8,30000,0.9,8,1003.9676215894024,0.8726480628756587,0.8107397705102011,0.7566622063633659,0.7402482642541554,0.8202705079192997,0.7695346615576677,0.8118858440269519,0.73,0.99131687848222,0.9581222265756696,1.0,0.8997955010224947,0.5328332504829572,0.5448852254716231,14.311373909314474
rl_trial16_seed9,30000,0.9,9,939.729953169386,0.8743583233447083,0.7934205580353566,0.8273453520164045,0.7455311542390194,0.8256048831603142,0.7428727518577734,0.7908640289779273,0.7251999999999998,0.9904409862459846,0.9549269987638236,1.0,0.867117117117117,0.4205257052801641,0.4100037537537537,12.921185410022735
rl_trial9_seed0,30000,0.9,0,843.5246488955061,0.8734515411356998,0.8136716856729374,0.8728187487116058,0.7873626373626375,0.8918192897238342,0.8245517235248047,0.859954861258157,0.7798,0.9715120323154184,0.9123870963822852,1.0,0.8728070175438597,0.530615238783064,0.5216076100338566,8.6521666765213
rl_trial9_seed1,30000,0.9,1,1010.2149394635676,0.8714615022660344,0.8038536220980095,0.8969698827684308,0.8088465845464725,0.8535030088304344,0.7876566853366166,0.8115420654110512,0.7363999999999999,0.9887010925535747,0.9462193347730083,1.0,0.9002123142250531,0.5484675361837537,0.5457963135759395,8.58733726342519
rl_trial9_seed2,30000,0.9,2,929.7018709347057,0.8765925089588122,0.8050751528958248,0.8035847635530342,0.7061814109742441,0.8390050115516159,0.7593200682704027,0.8317684282300458,0.7607999999999999,0.9892112329899256,0.9473220528427504,1.0,0.9069767441860463,0.5485966606182684,0.5408082993264172,8.719587890307109
rl_trial9_seed3,30000,0.9,3,1152.0216481404057,0.8654651173253688,0.8072943242211711,0.8729615180040632,0.767816091954023,0.860244438700662,0.7733119513170682,0.8647863935800612,0.7882,0.9888064974510222,0.9512891164830628,1.0,0.8919540229885059,0.4838707779216194,0.5095891134892324,8.522844672203064
rl_trial9_seed4,30000,0.9,4,1059.6716826309344,0.8627252124199274,0.7981288807517424,0.8440781262632389,0.7283437826541275,0.8555502862193318,0.78153995055537,0.8568724254289274,0.7768,0.9892640476259236,0.9472126497003714,1.0,0.9041095890410958,0.5156266535662446,0.5171311065240507,8.694848382472992
rl_trial9_seed5,30000,0.9,5,898.614722666364,0.8664849072599177,0.8040733142331888,0.8313509202982887,0.7380315336837076,0.8600605981450984,0.7884164332184814,0.8596073773078887,0.7854000000000001,0.9862298865688124,0.9391665679547808,1.0,0.9082969432314412,0.5630297262258174,0.5698880646822143,8.598495117823283
rl_trial9_seed6,30000,0.9,6,914.8278937155332,0.8648276468656799,0.7991112337655778,0.8291984509959457,0.7625895843287147,0.8723148040311841,0.7971827883242975,0.8518349323706647,0.7768,0.9853312414681776,0.9350897974432104,1.0,0.8845315904139434,0.4855404043803778,0.4996796104062539,8.643744214375813
rl_trial9_seed7,30000,0.9,7,852.8838684037635,0.8756561111940215,0.8059880649986251,0.8785966386554621,0.8026373626373626,0.8655489701972368,0.7903597377160241,0.8356765001756399,0.7567999999999999,0.9821029214567576,0.929139201982742,1.0,0.902439024390244,0.5998976549637343,0.6024994960693408,8.648476521174112
rl_trial9_seed8,30000,0.9,8,1090.301825639688,0.8726480628756587,0.8107397705102011,0.8266904549509366,0.7545760572270146,0.8670757721961811,0.7900009740137459,0.8592098627089338,0.7734,0.9902029838891094,0.9533834485984432,1.0,0.8997955010224947,0.5439743527566947,0.537520753091531,8.67451471487681
rl_trial9_seed9,30000,0.9,9,904.8228573647332,0.8743583233447083,0.7934205580353566,0.8672334244702666,0.7995403472931563,0.8798410668938852,0.8198574567997856,0.866414788088767,0.7816000000000001,0.9788167161587478,0.9224151913036348,1.0,0.867117117117117,0.4632395344281491,0.450797926304683,8.664494295914968
ehr_trial0_seed0,2500,0.9,0,679.2782850902889,0.8734515411356998,0.8136716856729374,0.8412824675324675,0.7654562828475873,0.9213327235111108,0.8494898003926947,0.8338067912406169,0.7762,1.0,0.9996694214876033,1.0,0.8728070175438597,0.601096974855664,0.5842254347491536,3.503028666973114
ehr_trial0_seed1,2500,0.9,1,669.9798007835107,0.8714615022660344,0.8038536220980095,0.8024073074889773,0.7325643896976484,0.9167111311156028,0.8027362360324884,0.8163960106941959,0.7616,1.0,0.9998898071625344,1.0,0.9002123142250531,0.6095937728122914,0.5962987004205715,3.717197879155477
ehr_trial0_seed2,2500,0.9,2,683.8957592356813,0.8765925089588122,0.8050751528958248,0.7807870285270976,0.7316237402015677,0.9170216718344312,0.8356885545620031,0.8344655981431256,0.768,1.0,1.0,1.0,0.9069767441860463,0.6217189866990729,0.606881539719929,3.935482903321584
ehr_trial0_seed3,2500,0.9,3,677.1987381819679,0.8654651173253688,0.8072943242211711,0.825475746489435,0.7931034482758621,0.9156746523593737,0.8473128764453419,0.839700980392157,0.7774,1.0,0.9998898071625344,1.0,0.8919540229885059,0.5655354550905922,0.5756348262650284,3.609613899389903
ehr_trial0_seed4,2500,0.9,4,663.3317120764987,0.8627252124199274,0.7981288807517424,0.8025036128628023,0.7124085684430511,0.9275490160452163,0.8597438419084877,0.8328092740811442,0.7644,1.0,0.9998897464167585,1.0,0.9041095890410958,0.6124920768067944,0.6174469881778946,3.6674675623575848
ehr_trial0_seed5,2500,0.9,5,672.5451586901005,0.8664849072599177,0.8040733142331888,0.837899526320579,0.8100812231247014,0.9237412480020254,0.851776085573721,0.8130946819882452,0.7581999999999999,1.0,0.999779553579293,1.0,0.9082969432314411,0.6507974062484276,0.651560801662821,4.195398875077566
ehr_trial0_seed6,2500,0.9,6,666.3646607226133,0.8648276468656799,0.7991112337655778,0.7986843931782126,0.7037983755375059,0.9183120805298527,0.8378539940814983,0.8184689133841678,0.7592,1.0,0.9998898071625344,1.0,0.8845315904139434,0.5392472067024183,0.5476336261931546,3.592077620824178
ehr_trial0_seed7,2500,0.9,7,681.7813604176786,0.8756561111940215,0.8059880649986251,0.8075312943359162,0.7605128205128204,0.9169496401392271,0.8427002808725069,0.8293850267379679,0.7694,1.0,0.9998898071625344,1.0,0.902439024390244,0.6800588890950984,0.6884209025521015,3.952546572685242
ehr_trial0_seed8,2500,0.9,8,662.2545917022184,0.8726480628756587,0.8107397705102011,0.740926256318763,0.7035135703766042,0.9164833598023557,0.8393934982181449,0.8189384729617883,0.7670000000000001,1.0,0.9998898071625344,0.9999999999999999,0.8997955010224947,0.6054505949061164,0.6011705370920998,3.491964638233185
ehr_trial0_seed9,2500,0.9,9,668.7309946680343,0.8743583233447083,0.7934205580353566,0.7892316017316018,0.7387895812053116,0.920525161675313,0.8469215880295067,0.8383228511661661,0.7764000000000001,1.0,0.999779553579293,1.0,0.867117117117117,0.5089531566748767,0.5055621499878257,4.094435691833496
ehr_trial16_seed0,5000,0.9,0,651.9216039906946,0.8734515411356998,0.8136716856729374,0.8314509894867038,0.7830148112756808,0.9200914352188059,0.8477246715867197,0.8382701439002261,0.7818,1.0,0.999779553579293,1.0,0.8728070175438597,0.5877872747907504,0.5710771583564174,4.45352523724238
ehr_trial16_seed1,5000,0.9,1,667.8848876903359,0.8714615022660344,0.8038536220980095,0.8013668841255048,0.7495408734602463,0.9179394072020355,0.8383457314891454,0.8157715597475205,0.7618,1.0,0.9998898071625344,1.0,0.9002123142250531,0.6047960770430153,0.5984466352026903,3.76776762008667
ehr_trial16_seed2,5000,0.9,2,675.0839769174936,0.8765925089588122,0.8050751528958248,0.7688445408450384,0.6871892497200449,0.9164626254182149,0.8498400735624783,0.8222535693954534,0.7638,1.0,1.0,1.0,0.9069767441860463,0.6044727281050757,0.5894631451443488,3.65008233388265
ehr_trial16_seed3,5000,0.9,3,756.5338342681466,0.8654651173253688,0.8072943242211711,0.7785157033399726,0.7172413793103447,0.8713747935576098,0.8017547563912002,0.8081397327184836,0.7516,1.0,1.0,1.0,0.8919540229885059,0.5055501381439949,0.5217915180340864,3.9677046020825704
ehr_trial16_seed4,5000,0.9,4,778.7900019536191,0.8627252124199274,0.7981288807517424,0.650942376101544,0.6392894461859979,0.8295282561366465,0.7554526582822877,0.805993095231225,0.7374,1.0,0.999779553579293,1.0,0.9041095890410958,0.5440596381119795,0.5495975897083046,4.278481622536977
ehr_trial16_seed5,5000,0.9,5,673.9919052950797,0.8664849072599177,0.8040733142331888,0.8367365212102055,0.8209985666507406,0.9235200684620466,0.8550808430819361,0.8191644451182014,0.7632000000000001,1.0,0.9998898071625344,1.0,0.9082969432314411,0.63970667740081,0.6380909021567095,3.481822196642558
ehr_trial16_seed6,5000,0.9,6,668.7931270704115,0.8648276468656799,0.7991112337655778,0.8238900273224044,0.714739608217869,0.9222497591366215,0.8469031739979626,0.8246800184945098,0.7630000000000001,1.0,0.9998898071625344,1.0,0.8845315904139434,0.5341462398266483,0.5426569078369669,3.658136336008708
ehr_trial16_seed7,5000,0.9,7,684.6384927279105,0.8756561111940215,0.8059880649986251,0.8291136090799955,0.7094749694749696,0.9160097758140087,0.8489601586412885,0.8264652291780896,0.762,1.0,0.9998898071625344,1.0,0.902439024390244,0.6308410200641854,0.6442495366296135,3.683978037039439
ehr_trial16_seed8,5000,0.9,8,665.3803803383516,0.8726480628756587,0.8107397705102011,0.7575022301516503,0.7095939406690512,0.917460750998335,0.834149899384801,0.8196865831415083,0.7632,1.0,0.9998898071625344,0.9999999999999999,0.8997955010224947,0.6000360197062651,0.5966414493080909,3.4743844509124755
ehr_trial16_seed9,5000,0.9,9,666.7949707183967,0.8743583233447083,0.7934205580353566,0.7856840254044202,0.7455056179775281,0.9206412094449362,0.8434985208853479,0.8400614312402009,0.7712000000000001,1.0,1.0,1.0,0.867117117117117,0.48487227148966705,0.4790423869815762,4.311115757624308
ehr_trial12_seed0,500,0.9,0,719.3626904173797,0.8734515411356998,0.8136716856729374,0.7983704390847247,0.7237935977066411,0.9002291326061119,0.836437731008844,0.8202548902594865,0.7511999999999999,1.0,0.9996693607418274,1.0,0.8728070175438597,0.5430323772553167,0.5187918397968606,0.6444223165512085
ehr_trial12_seed1,500,0.9,1,724.252617110699,0.8714615022660344,0.8038536220980095,0.7722100957581901,0.7537290033594625,0.8931474960780982,0.8325765748162617,0.82075345079761,0.7562,1.0,0.9998898071625344,1.0,0.9002123142250531,0.585559081942012,0.5788672968477422,0.6419889410336812
ehr_trial12_seed2,500,0.9,2,723.1088362909024,0.8765925089588122,0.8050751528958248,0.771954779700448,0.7314893617021277,0.8974260221805344,0.8380254509808497,0.8491028609722141,0.781,1.0,1.0,1.0,0.9069767441860463,0.573366308201961,0.5623075238346392,0.643346083164215
ehr_trial12_seed3,500,0.9,3,799.9210296894279,0.8654651173253688,0.8072943242211711,0.7183443760580277,0.7264367816091954,0.8592638285918675,0.8008011268311573,0.8629884266676721,0.7886,1.0,1.0,1.0,0.8919540229885059,0.5021402511810892,0.5240560179680275,0.6844462752342224
ehr_trial12_seed4,500,0.9,4,837.7090989221829,0.8627252124199274,0.7981288807517424,0.7332517912725363,0.712251828631139,0.8516609032134745,0.7789500986763688,0.8697478763903378,0.7896,1.0,0.9998898071625344,1.0,0.9041095890410958,0.563412002704747,0.5651310439732282,0.6854984641075135
ehr_trial12_seed5,500,0.9,5,718.4936585247622,0.8664849072599177,0.8040733142331888,0.7643641248904407,0.6967271858576207,0.8986846935386982,0.8213743079692127,0.8067383260055363,0.7444,1.0,0.9998898071625344,1.0,0.9082969432314411,0.6311413984290609,0.6342341869910948,0.6433206160863241
ehr_trial12_seed6,500,0.9,6,721.4714577474831,0.8648276468656799,0.7991112337655778,0.8440414573417945,0.7407787864309603,0.9010346021593219,0.8116070930401488,0.8415021132507293,0.7636000000000001,1.0,0.999779553579293,1.0,0.8845315904139434,0.5069288845721931,0.5091014377186363,0.6440170725186666
ehr_trial12_seed7,500,0.9,7,727.1895088960015,0.8756561111940215,0.8059880649986251,0.7907188693659283,0.7205860805860806,0.8966247511553807,0.8350311400781397,0.8368369678636478,0.7726,1.0,1.0,1.0,0.902439024390244,0.6161873923504955,0.6218406005870176,0.6512977083524069
ehr_trial12_seed8,500,0.9,8,725.1907928375875,0.8726480628756587,0.8107397705102011,0.7323416592328278,0.6912686724174206,0.9047547412095112,0.8253206869232818,0.832160424855528,0.7564,1.0,1.0,0.9999999999999999,0.8997955010224947,0.5699385997882264,0.5627130197682344,0.6430323521296183
ehr_trial12_seed9,500,0.9,9,713.7377024556916,0.8743583233447083,0.7934205580353566,0.7299746169400774,0.6305924412665986,0.8964094521449179,0.7732731005055226,0.8339103387128347,0.7588,1.0,1.0,1.0,0.867117117117117,0.4946282710758646,0.4907398953007061,0.6432205637296041
emr_trial9_seed0,30000,0.9,0,1367.7961691363032,0.8734515411356998,0.8136716856729374,0.7806993403421976,0.6797419971333014,0.7298147693237296,0.6189756228459724,0.5677453606707179,0.3769011457630082,1.0,1.0,1.0,0.8728070175438597,0.4799885648942252,0.4622263581101877,0.0036292950312296
emr_trial9_seed1,30000,0.9,1,1346.9464402764129,0.8714615022660344,0.8038536220980095,0.7323164816359009,0.636909294512878,0.6641149976817451,0.5999247446888474,0.5533680984725173,0.3771216529294911,1.0,1.0,1.0,0.9002123142250531,0.4961907715893698,0.4845948224178578,0.0035127798716227
emr_trial9_seed2,30000,0.9,2,1458.6643648315062,0.8765925089588122,0.8050751528958248,0.7007078279607597,0.7356774916013438,0.6944269730971964,0.6849902292431197,0.5543654269459362,0.3769011457630082,1.0,1.0,1.0,0.9069767441860463,0.5216082843635031,0.5032405276025906,0.0035565376281738
emr_trial9_seed3,30000,0.9,3,1280.8131217998498,0.8654651173253688,0.8072943242211711,0.6865154193308097,0.6689655172413793,0.7196079624669862,0.695520049141013,0.6173855540066591,0.3967348911306577,1.0,1.0,1.0,0.8919540229885059,0.4572112286128997,0.4787554498612762,0.0036557555198669
emr_trial9_seed4,30000,0.9,4,1240.2754021444534,0.8627252124199274,0.7981288807517424,0.7379876733163554,0.6894461859979101,0.7178560836467197,0.6916049093054454,0.6228459392850827,0.3771216529294911,1.0,1.0,1.0,0.9041095890410958,0.4894182900161639,0.5029190383853548,0.00366184314092
emr_trial9_seed5,30000,0.9,5,1292.102708711983,0.8664849072599177,0.8040733142331888,0.7322204022204023,0.67044911610129,0.6997285170248281,0.6468907073078605,0.626493299970796,0.3841773965583397,1.0,1.0,1.0,0.9082969432314412,0.5350859819867657,0.5456846742052974,0.0034449021021525
emr_trial9_seed6,30000,0.9,6,1434.3023221698527,0.8648276468656799,0.7991112337655778,0.8153088092719901,0.7233635929288104,0.7824679374452677,0.6913613343830737,0.6224415236680357,0.3782241887619056,1.0,1.0,1.0,0.8845315904139434,0.4557039152645419,0.4513363805943582,0.0034367799758911
emr_trial9_seed7,30000,0.9,7,1389.2007967854072,0.8756561111940215,0.8059880649986251,0.7781431845465459,0.6497191697191697,0.7272933777328375,0.6411825788162833,0.6577549667554127,0.380869789061096,1.0,1.0,1.0,0.902439024390244,0.5548742501842319,0.5610001917394702,0.0035110314687093
emr_trial9_seed8,30000,0.9,8,1356.8535027270214,0.8726480628756587,0.8107397705102011,0.7585838537020517,0.6911634756995582,0.7859651400478306,0.7224976493868418,0.745728285868888,0.3788852245627497,1.0,1.0,1.0,0.8997955010224947,0.5157620314912259,0.4966627774223092,0.0034636139869689
